Vide;Time;Value
-------------------- N3 --------------------
2018-06-25T10:55:39.9110000;0;684.8
2018-06-25T10:55:39.9130000;2;681.0
2018-06-25T10:55:39.9150000;4;673.6
2018-06-25T10:55:39.9170000;6;670.2
2018-06-25T10:55:39.9190000;8;665.9
2018-06-25T10:55:39.9210000;10;659.4
2018-06-25T10:55:39.9230000;12;653.3
2018-06-25T10:55:39.9250000;14;650.7
2018-06-25T10:55:39.9270000;16;649.9
2018-06-25T10:55:39.9290000;18;648.6
2018-06-25T10:55:39.9310000;20;646.9
2018-06-25T10:55:39.9330000;22;646.0
2018-06-25T10:55:39.9350000;24;651.6
2018-06-25T10:55:39.9370000;26;655.1
2018-06-25T10:55:39.9390000;28;660.2
2018-06-25T10:55:39.9410000;30;670.6
2018-06-25T10:55:39.9430000;32;680.1
2018-06-25T10:55:39.9450000;34;693.0
2018-06-25T10:55:39.9470000;36;709.9
2018-06-25T10:55:39.9490000;38;729.3
2018-06-25T10:55:39.9510000;40;750.9
2018-06-25T10:55:39.9530000;42;767.7
2018-06-25T10:55:39.9550000;44;785.4
2018-06-25T10:55:39.9570000;46;802.6
2018-06-25T10:55:39.9590000;48;820.8
2018-06-25T10:55:39.9610000;50;841.5
2018-06-25T10:55:39.9630000;52;857.0
2018-06-25T10:55:39.9650000;54;869.1
2018-06-25T10:55:39.9670000;56;876.9
2018-06-25T10:55:39.9690000;58;886.8
2018-06-25T10:55:39.9710000;60;901.9
2018-06-25T10:55:39.9730000;62;912.3
2018-06-25T10:55:39.9750000;64;920.0
2018-06-25T10:55:39.9770000;66;926.9
2018-06-25T10:55:39.9790000;68;933.0
2018-06-25T10:55:39.9810000;70;941.6
2018-06-25T10:55:39.9830000;72;946.8
2018-06-25T10:55:39.9850000;74;952.4
2018-06-25T10:55:39.9870000;76;958.4
2018-06-25T10:55:39.9890000;78;961.9
2018-06-25T10:55:39.9910000;80;968.8
2018-06-25T10:55:39.9930000;82;975.3
2018-06-25T10:55:39.9950000;84;980.9
2018-06-25T10:55:39.9970000;86;987.3
2018-06-25T10:55:39.9990000;88;991.2
2018-06-25T10:55:40.0010000;90;991.2
2018-06-25T10:55:40.0030000;92;996.4
2018-06-25T10:55:40.0050000;94;1004.6
2018-06-25T10:55:40.0070000;96;1015.0
2018-06-25T10:55:40.0090000;98;1027.0
2018-06-25T10:55:40.0110000;100;1037.8
2018-06-25T10:55:40.0130000;102;1047.3
2018-06-25T10:55:40.0150000;104;1058.1
2018-06-25T10:55:40.0170000;106;1068.5
2018-06-25T10:55:40.0190000;108;1087.0
2018-06-25T10:55:40.0210000;110;1102.6
2018-06-25T10:55:40.0230000;112;1114.6
2018-06-25T10:55:40.0250000;114;1124.6
2018-06-25T10:55:40.0270000;116;1134.1
2018-06-25T10:55:40.0290000;118;1143.1
2018-06-25T10:55:40.0310000;120;1147.9
2018-06-25T10:55:40.0330000;122;1152.2
2018-06-25T10:55:40.0350000;124;1157.8
2018-06-25T10:55:40.0370000;126;1162.1
2018-06-25T10:55:40.0390000;128;1167.3
2018-06-25T10:55:40.0410000;130;1171.2
2018-06-25T10:55:40.0430000;132;1173.8
2018-06-25T10:55:40.0450000;134;1173.3
2018-06-25T10:55:40.0470000;136;1173.3
2018-06-25T10:55:40.0490000;138;1173.8
2018-06-25T10:55:40.0510000;140;1175.5
2018-06-25T10:55:40.0530000;142;1178.5
2018-06-25T10:55:40.0550000;144;1177.7
2018-06-25T10:55:40.0570000;146;1178.5
2018-06-25T10:55:40.0590000;148;1177.2
2018-06-25T10:55:40.0610000;150;1178.5
2018-06-25T10:55:40.0630000;152;1177.2
2018-06-25T10:55:40.0650000;154;1177.7
2018-06-25T10:55:40.0670000;156;1177.2
2018-06-25T10:55:40.0690000;158;1176.4
2018-06-25T10:55:40.0710000;160;1174.2
2018-06-25T10:55:40.0730000;162;1171.6
2018-06-25T10:55:40.0750000;164;1170.7
2018-06-25T10:55:40.0770000;166;1168.2
2018-06-25T10:55:40.0790000;168;1167.3
2018-06-25T10:55:40.0810000;170;1163.8
2018-06-25T10:55:40.0830000;172;1163.4
2018-06-25T10:55:40.0850000;174;1164.3
2018-06-25T10:55:40.0870000;176;1160.4
2018-06-25T10:55:40.0890000;178;1155.2
2018-06-25T10:55:40.0910000;180;1155.2
2018-06-25T10:55:40.0930000;182;1153.5
2018-06-25T10:55:40.0950000;184;1152.2
2018-06-25T10:55:40.0970000;186;1150.5
2018-06-25T10:55:40.0990000;188;1149.6
2018-06-25T10:55:40.1010000;190;1148.3
2018-06-25T10:55:40.1030000;192;1147.4
2018-06-25T10:55:40.1050000;194;1144.9
2018-06-25T10:55:40.1070000;196;1148.3
2018-06-25T10:55:40.1090000;198;1149.6
2018-06-25T10:55:40.1110000;200;1147.0
2018-06-25T10:55:40.1130000;202;1144.9
2018-06-25T10:55:40.1150000;204;1142.3
2018-06-25T10:55:40.1170000;206;1143.1
2018-06-25T10:55:40.1190000;208;1143.6
2018-06-25T10:55:40.1210000;210;1140.1
2018-06-25T10:55:40.1230000;212;1137.5
2018-06-25T10:55:40.1250000;214;1133.2
2018-06-25T10:55:40.1270000;216;1132.3
2018-06-25T10:55:40.1290000;218;1134.5
2018-06-25T10:55:40.1310000;220;1133.6
2018-06-25T10:55:40.1330000;222;1128.5
2018-06-25T10:55:40.1350000;224;1130.6
2018-06-25T10:55:40.1370000;226;1129.8
2018-06-25T10:55:40.1390000;228;1127.6
2018-06-25T10:55:40.1410000;230;1128.9
2018-06-25T10:55:40.1430000;232;1130.2
2018-06-25T10:55:40.1450000;234;1134.1
2018-06-25T10:55:40.1470000;236;1132.3
2018-06-25T10:55:40.1490000;238;1131.9
2018-06-25T10:55:40.1510000;240;1132.3
2018-06-25T10:55:40.1530000;242;1138.8
2018-06-25T10:55:40.1550000;244;1137.5
2018-06-25T10:55:40.1570000;246;1137.5
2018-06-25T10:55:40.1590000;248;1138.8
2018-06-25T10:55:40.1610000;250;1138.4
2018-06-25T10:55:40.1630000;252;1137.9
2018-06-25T10:55:40.1650000;254;1137.9
2018-06-25T10:55:40.1670000;256;1138.8
2018-06-25T10:55:40.1690000;258;1138.4
2018-06-25T10:55:40.1710000;260;1139.7
2018-06-25T10:55:40.1730000;262;1138.4
2018-06-25T10:55:40.1750000;264;1141.4
2018-06-25T10:55:40.1770000;266;1141.8
2018-06-25T10:55:40.1790000;268;1139.7
2018-06-25T10:55:40.1810000;270;1137.5
2018-06-25T10:55:40.1830000;272;1137.5
2018-06-25T10:55:40.1850000;274;1137.5
2018-06-25T10:55:40.1870000;276;1135.4
2018-06-25T10:55:40.1890000;278;1134.9
2018-06-25T10:55:40.1910000;280;1133.6
2018-06-25T10:55:40.1930000;282;1133.6
2018-06-25T10:55:40.1950000;284;1129.8
2018-06-25T10:55:40.1970000;286;1128.5
2018-06-25T10:55:40.1990000;288;1128.0
2018-06-25T10:55:40.2010000;290;1130.2
2018-06-25T10:55:40.2030000;292;1129.8
2018-06-25T10:55:40.2050000;294;1128.5
2018-06-25T10:55:40.2070000;296;1128.0
2018-06-25T10:55:40.2090000;298;1126.3
2018-06-25T10:55:40.2110000;300;1125.4
2018-06-25T10:55:40.2130000;302;1123.7
2018-06-25T10:55:40.2150000;304;1120.7
2018-06-25T10:55:40.2170000;306;1122.0
2018-06-25T10:55:40.2190000;308;1121.6
2018-06-25T10:55:40.2210000;310;1121.6
2018-06-25T10:55:40.2230000;312;1121.1
2018-06-25T10:55:40.2250000;314;1122.4
2018-06-25T10:55:40.2270000;316;1122.4
2018-06-25T10:55:40.2290000;318;1120.7
2018-06-25T10:55:40.2310000;320;1120.3
2018-06-25T10:55:40.2330000;322;1121.1
2018-06-25T10:55:40.2350000;324;1122.4
2018-06-25T10:55:40.2370000;326;1121.6
2018-06-25T10:55:40.2390000;328;1122.0
2018-06-25T10:55:40.2410000;330;1120.3
2018-06-25T10:55:40.2430000;332;1120.7
2018-06-25T10:55:40.2450000;334;1119.8
2018-06-25T10:55:40.2470000;336;1120.3
2018-06-25T10:55:40.2490000;338;1121.6
2018-06-25T10:55:40.2510000;340;1121.6
2018-06-25T10:55:40.2530000;342;1120.7
2018-06-25T10:55:40.2550000;344;1120.3
2018-06-25T10:55:40.2570000;346;1119.0
2018-06-25T10:55:40.2590000;348;1120.7
2018-06-25T10:55:40.2610000;350;1122.0
2018-06-25T10:55:40.2630000;352;1122.0
2018-06-25T10:55:40.2650000;354;1121.6
2018-06-25T10:55:40.2670000;356;1123.3
2018-06-25T10:55:40.2690000;358;1124.1
2018-06-25T10:55:40.2710000;360;1126.7
2018-06-25T10:55:40.2730000;362;1124.6
2018-06-25T10:55:40.2750000;364;1122.0
2018-06-25T10:55:40.2770000;366;1123.7
2018-06-25T10:55:40.2790000;368;1124.1
2018-06-25T10:55:40.2810000;370;1125.4
2018-06-25T10:55:40.2830000;372;1125.0
2018-06-25T10:55:40.2850000;374;1126.3
2018-06-25T10:55:40.2870000;376;1125.4
2018-06-25T10:55:40.2890000;378;1126.3
2018-06-25T10:55:40.2910000;380;1128.5
2018-06-25T10:55:40.2930000;382;1134.5
2018-06-25T10:55:40.2950000;384;1137.1
2018-06-25T10:55:40.2970000;386;1138.8
2018-06-25T10:55:40.2990000;388;1140.1
2018-06-25T10:55:40.3010000;390;1138.4
2018-06-25T10:55:40.3030000;392;1139.7
2018-06-25T10:55:40.3050000;394;1138.8
2018-06-25T10:55:40.3070000;396;1140.5
2018-06-25T10:55:40.3090000;398;1141.8
2018-06-25T10:55:40.3110000;400;1137.9
2018-06-25T10:55:40.3130000;402;1137.1
2018-06-25T10:55:40.3150000;404;1133.2
2018-06-25T10:55:40.3170000;406;1131.5
2018-06-25T10:55:40.3190000;408;1130.2
2018-06-25T10:55:40.3210000;410;1131.0
2018-06-25T10:55:40.3230000;412;1130.2
2018-06-25T10:55:40.3250000;414;1130.6
2018-06-25T10:55:40.3270000;416;1130.2
2018-06-25T10:55:40.3290000;418;1128.0
2018-06-25T10:55:40.3310000;420;1128.9
2018-06-25T10:55:40.3330000;422;1130.2
2018-06-25T10:55:40.3350000;424;1133.2
2018-06-25T10:55:40.3370000;426;1134.5
2018-06-25T10:55:40.3390000;428;1132.3
2018-06-25T10:55:40.3410000;430;1131.5
2018-06-25T10:55:40.3430000;432;1132.3
2018-06-25T10:55:40.3450000;434;1132.3
2018-06-25T10:55:40.3470000;436;1130.2
2018-06-25T10:55:40.3490000;438;1128.5
2018-06-25T10:55:40.3510000;440;1128.0
2018-06-25T10:55:40.3530000;442;1127.2
2018-06-25T10:55:40.3550000;444;1127.2
2018-06-25T10:55:40.3570000;446;1126.3
2018-06-25T10:55:40.3590000;448;1128.5
2018-06-25T10:55:40.3610000;450;1127.2
2018-06-25T10:55:40.3630000;452;1125.0
2018-06-25T10:55:40.3650000;454;1123.3
2018-06-25T10:55:40.3670000;456;1123.3
2018-06-25T10:55:40.3690000;458;1123.7
2018-06-25T10:55:40.3710000;460;1122.4
2018-06-25T10:55:40.3730000;462;1122.0
2018-06-25T10:55:40.3750000;464;1122.4
2018-06-25T10:55:40.3770000;466;1122.0
2018-06-25T10:55:40.3790000;468;1120.7
2018-06-25T10:55:40.3810000;470;1122.0
2018-06-25T10:55:40.3830000;472;1122.0
2018-06-25T10:55:40.3850000;474;1123.3
2018-06-25T10:55:40.3870000;476;1123.3
2018-06-25T10:55:40.3890000;478;1123.7
2018-06-25T10:55:40.3910000;480;1123.7
2018-06-25T10:55:40.3930000;482;1124.1
2018-06-25T10:55:40.3950000;484;1123.3
2018-06-25T10:55:40.3970000;486;1124.6
2018-06-25T10:55:40.3990000;488;1127.2
2018-06-25T10:55:40.4010000;490;1128.5
2018-06-25T10:55:40.4030000;492;1131.0
2018-06-25T10:55:40.4050000;494;1133.6
2018-06-25T10:55:40.4070000;496;1136.7
2018-06-25T10:55:40.4090000;498;1137.1
2018-06-25T10:55:40.4110000;500;1133.6
2018-06-25T10:55:40.4130000;502;1131.5
2018-06-25T10:55:40.4150000;504;1134.1
2018-06-25T10:55:40.4170000;506;1133.2
2018-06-25T10:55:40.4190000;508;1131.9
2018-06-25T10:55:40.4210000;510;1131.9
2018-06-25T10:55:40.4230000;512;1132.3
2018-06-25T10:55:40.4250000;514;1131.5
2018-06-25T10:55:40.4270000;516;1128.5
2018-06-25T10:55:40.4290000;518;1130.6
2018-06-25T10:55:40.4310000;520;1135.4
2018-06-25T10:55:40.4330000;522;1133.6
2018-06-25T10:55:40.4350000;524;1131.5
2018-06-25T10:55:40.4370000;526;1131.0
2018-06-25T10:55:40.4390000;528;1130.2
2018-06-25T10:55:40.4410000;530;1127.6
2018-06-25T10:55:40.4430000;532;1125.0
2018-06-25T10:55:40.4450000;534;1122.4
2018-06-25T10:55:40.4470000;536;1123.3
2018-06-25T10:55:40.4490000;538;1121.1
2018-06-25T10:55:40.4510000;540;1120.3
2018-06-25T10:55:40.4530000;542;1118.1
2018-06-25T10:55:40.4550000;544;1117.2
2018-06-25T10:55:40.4570000;546;1114.6
2018-06-25T10:55:40.4590000;548;1113.8
2018-06-25T10:55:40.4610000;550;1113.4
2018-06-25T10:55:40.4630000;552;1115.1
2018-06-25T10:55:40.4650000;554;1116.4
2018-06-25T10:55:40.4670000;556;1114.2
2018-06-25T10:55:40.4690000;558;1113.8
2018-06-25T10:55:40.4710000;560;1110.8
2018-06-25T10:55:40.4730000;562;1115.5
2018-06-25T10:55:40.4750000;564;1116.8
2018-06-25T10:55:40.4770000;566;1118.5
2018-06-25T10:55:40.4790000;568;1117.2
2018-06-25T10:55:40.4810000;570;1117.2
2018-06-25T10:55:40.4830000;572;1114.6
2018-06-25T10:55:40.4850000;574;1113.8
2018-06-25T10:55:40.4870000;576;1114.6
2018-06-25T10:55:40.4890000;578;1116.4
2018-06-25T10:55:40.4910000;580;1117.2
2018-06-25T10:55:40.4930000;582;1117.7
2018-06-25T10:55:40.4950000;584;1117.7
2018-06-25T10:55:40.4970000;586;1113.8
2018-06-25T10:55:40.4990000;588;1113.4
2018-06-25T10:55:40.5010000;590;1114.2
2018-06-25T10:55:40.5030000;592;1115.1
2018-06-25T10:55:40.5050000;594;1114.6
2018-06-25T10:55:40.5070000;596;1115.5
2018-06-25T10:55:40.5090000;598;1117.2
2018-06-25T10:55:40.5110000;600;1118.1
2018-06-25T10:55:40.5130000;602;1120.3
2018-06-25T10:55:40.5150000;604;1122.4
2018-06-25T10:55:40.5170000;606;1129.8
2018-06-25T10:55:40.5190000;608;1131.9
2018-06-25T10:55:40.5210000;610;1134.9
2018-06-25T10:55:40.5230000;612;1135.8
2018-06-25T10:55:40.5250000;614;1138.8
2018-06-25T10:55:40.5270000;616;1140.5
2018-06-25T10:55:40.5290000;618;1141.0
2018-06-25T10:55:40.5310000;620;1141.4
2018-06-25T10:55:40.5330000;622;1142.3
2018-06-25T10:55:40.5350000;624;1142.3
2018-06-25T10:55:40.5370000;626;1142.3
2018-06-25T10:55:40.5390000;628;1146.6
2018-06-25T10:55:40.5410000;630;1146.6
2018-06-25T10:55:40.5430000;632;1144.4
2018-06-25T10:55:40.5450000;634;1144.0
2018-06-25T10:55:40.5470000;636;1143.1
2018-06-25T10:55:40.5490000;638;1144.4
2018-06-25T10:55:40.5510000;640;1147.4
2018-06-25T10:55:40.5530000;642;1147.9
2018-06-25T10:55:40.5550000;644;1148.3
2018-06-25T10:55:40.5570000;646;1150.0
2018-06-25T10:55:40.5590000;648;1148.3
2018-06-25T10:55:40.5610000;650;1150.9
2018-06-25T10:55:40.5630000;652;1156.5
2018-06-25T10:55:40.5650000;654;1157.8
2018-06-25T10:55:40.5670000;656;1160.0
2018-06-25T10:55:40.5690000;658;1160.0
2018-06-25T10:55:40.5710000;660;1158.2
2018-06-25T10:55:40.5730000;662;1158.2
2018-06-25T10:55:40.5750000;664;1158.7
2018-06-25T10:55:40.5770000;666;1158.2
2018-06-25T10:55:40.5790000;668;1157.8
2018-06-25T10:55:40.5810000;670;1156.9
2018-06-25T10:55:40.5830000;672;1155.2
2018-06-25T10:55:40.5850000;674;1154.3
2018-06-25T10:55:40.5870000;676;1156.9
2018-06-25T10:55:40.5890000;678;1154.3
2018-06-25T10:55:40.5910000;680;1155.2
2018-06-25T10:55:40.5930000;682;1148.7
2018-06-25T10:55:40.5950000;684;1147.0
2018-06-25T10:55:40.5970000;686;1145.7
2018-06-25T10:55:40.5990000;688;1145.7
2018-06-25T10:55:40.6010000;690;1144.4
2018-06-25T10:55:40.6030000;692;1145.3
2018-06-25T10:55:40.6050000;694;1146.6
2018-06-25T10:55:40.6070000;696;1144.4
2018-06-25T10:55:40.6090000;698;1146.6
2018-06-25T10:55:40.6110000;700;1145.3
2018-06-25T10:55:40.6130000;702;1151.3
2018-06-25T10:55:40.6150000;704;1152.2
2018-06-25T10:55:40.6170000;706;1151.8
2018-06-25T10:55:40.6190000;708;1151.8
2018-06-25T10:55:40.6210000;710;1152.2
2018-06-25T10:55:40.6230000;712;1151.8
2018-06-25T10:55:40.6250000;714;1151.8
2018-06-25T10:55:40.6270000;716;1151.8
2018-06-25T10:55:40.6290000;718;1150.9
2018-06-25T10:55:40.6310000;720;1151.3
2018-06-25T10:55:40.6330000;722;1151.8
2018-06-25T10:55:40.6350000;724;1154.8
2018-06-25T10:55:40.6370000;726;1156.5
2018-06-25T10:55:40.6390000;728;1152.2
2018-06-25T10:55:40.6410000;730;1150.0
2018-06-25T10:55:40.6430000;732;1147.9
2018-06-25T10:55:40.6450000;734;1149.6
2018-06-25T10:55:40.6470000;736;1148.3
2018-06-25T10:55:40.6490000;738;1148.7
2018-06-25T10:55:40.6510000;740;1147.9
2018-06-25T10:55:40.6530000;742;1147.9
2018-06-25T10:55:40.6550000;744;1146.6
2018-06-25T10:55:40.6570000;746;1144.9
2018-06-25T10:55:40.6590000;748;1148.7
2018-06-25T10:55:40.6610000;750;1148.7
2018-06-25T10:55:40.6630000;752;1151.3
2018-06-25T10:55:40.6650000;754;1150.5
2018-06-25T10:55:40.6670000;756;1149.6
2018-06-25T10:55:40.6690000;758;1149.6
2018-06-25T10:55:40.6710000;760;1150.9
2018-06-25T10:55:40.6730000;762;1150.9
2018-06-25T10:55:40.6750000;764;1150.9
2018-06-25T10:55:40.6770000;766;1151.8
2018-06-25T10:55:40.6790000;768;1150.0
2018-06-25T10:55:40.6810000;770;1150.5
2018-06-25T10:55:40.6830000;772;1147.4
2018-06-25T10:55:40.6850000;774;1145.3
2018-06-25T10:55:40.6870000;776;1145.3
2018-06-25T10:55:40.6890000;778;1143.6
2018-06-25T10:55:40.6910000;780;1141.0
2018-06-25T10:55:40.6930000;782;1141.4
2018-06-25T10:55:40.6950000;784;1138.4
2018-06-25T10:55:40.6970000;786;1135.8
2018-06-25T10:55:40.6990000;788;1136.7
2018-06-25T10:55:40.7010000;790;1137.9
2018-06-25T10:55:40.7030000;792;1137.1
2018-06-25T10:55:40.7050000;794;1135.4
2018-06-25T10:55:40.7070000;796;1134.9
2018-06-25T10:55:40.7090000;798;1136.7
2018-06-25T10:55:40.7110000;800;1136.7
2018-06-25T10:55:40.7130000;802;1133.6
2018-06-25T10:55:40.7150000;804;1133.6
2018-06-25T10:55:40.7170000;806;1133.2
2018-06-25T10:55:40.7190000;808;1133.2
2018-06-25T10:55:40.7210000;810;1130.6
2018-06-25T10:55:40.7230000;812;1131.9
2018-06-25T10:55:40.7250000;814;1133.2
2018-06-25T10:55:40.7270000;816;1128.0
2018-06-25T10:55:40.7290000;818;1122.0
2018-06-25T10:55:40.7310000;820;1118.1
2018-06-25T10:55:40.7330000;822;1115.1
2018-06-25T10:55:40.7350000;824;1114.2
2018-06-25T10:55:40.7370000;826;1115.1
2018-06-25T10:55:40.7390000;828;1115.1
2018-06-25T10:55:40.7410000;830;1115.5
2018-06-25T10:55:40.7430000;832;1117.2
2018-06-25T10:55:40.7450000;834;1114.6
2018-06-25T10:55:40.7470000;836;1118.1
2018-06-25T10:55:40.7490000;838;1121.6
2018-06-25T10:55:40.7510000;840;1122.4
2018-06-25T10:55:40.7530000;842;1124.1
2018-06-25T10:55:40.7550000;844;1125.0
2018-06-25T10:55:40.7570000;846;1124.1
2018-06-25T10:55:40.7590000;848;1123.3
2018-06-25T10:55:40.7610000;850;1121.6
2018-06-25T10:55:40.7630000;852;1120.3
2018-06-25T10:55:40.7650000;854;1121.1
2018-06-25T10:55:40.7670000;856;1122.0
2018-06-25T10:55:40.7690000;858;1122.0
2018-06-25T10:55:40.7710000;860;1125.4
2018-06-25T10:55:40.7730000;862;1129.8
2018-06-25T10:55:40.7750000;864;1129.8
2018-06-25T10:55:40.7770000;866;1128.9
2018-06-25T10:55:40.7790000;868;1124.6
2018-06-25T10:55:40.7810000;870;1124.1
2018-06-25T10:55:40.7830000;872;1124.1
2018-06-25T10:55:40.7850000;874;1125.4
2018-06-25T10:55:40.7870000;876;1124.6
2018-06-25T10:55:40.7890000;878;1125.0
2018-06-25T10:55:40.7910000;880;1124.6
2018-06-25T10:55:40.7930000;882;1122.4
2018-06-25T10:55:40.7950000;884;1123.7
2018-06-25T10:55:40.7970000;886;1126.3
2018-06-25T10:55:40.7990000;888;1131.0
2018-06-25T10:55:40.8010000;890;1133.2
2018-06-25T10:55:40.8030000;892;1131.9
2018-06-25T10:55:40.8050000;894;1132.3
2018-06-25T10:55:40.8070000;896;1134.9
2018-06-25T10:55:40.8090000;898;1134.9
2018-06-25T10:55:40.8110000;900;1135.4
2018-06-25T10:55:40.8130000;902;1136.7
2018-06-25T10:55:40.8150000;904;1136.7
2018-06-25T10:55:40.8170000;906;1135.8
2018-06-25T10:55:40.8190000;908;1137.1
2018-06-25T10:55:40.8210000;910;1137.5
2018-06-25T10:55:40.8230000;912;1133.6
2018-06-25T10:55:40.8250000;914;1130.2
2018-06-25T10:55:40.8270000;916;1127.2
2018-06-25T10:55:40.8290000;918;1126.3
2018-06-25T10:55:40.8310000;920;1125.0
2018-06-25T10:55:40.8330000;922;1123.7
2018-06-25T10:55:40.8350000;924;1122.0
2018-06-25T10:55:40.8370000;926;1122.4
2018-06-25T10:55:40.8390000;928;1121.6
2018-06-25T10:55:40.8410000;930;1122.0
2018-06-25T10:55:40.8430000;932;1127.2
2018-06-25T10:55:40.8450000;934;1128.9
2018-06-25T10:55:40.8470000;936;1129.8
2018-06-25T10:55:40.8490000;938;1130.6
2018-06-25T10:55:40.8510000;940;1130.2
2018-06-25T10:55:40.8530000;942;1128.9
2018-06-25T10:55:40.8550000;944;1129.8
2018-06-25T10:55:40.8570000;946;1128.5
2018-06-25T10:55:40.8590000;948;1128.5
2018-06-25T10:55:40.8610000;950;1128.0
2018-06-25T10:55:40.8630000;952;1129.8
2018-06-25T10:55:40.8650000;954;1131.0
2018-06-25T10:55:40.8670000;956;1130.6
2018-06-25T10:55:40.8690000;958;1128.5
2018-06-25T10:55:40.8710000;960;1126.3
2018-06-25T10:55:40.8730000;962;1126.7
2018-06-25T10:55:40.8750000;964;1127.6
2018-06-25T10:55:40.8770000;966;1128.0
2018-06-25T10:55:40.8790000;968;1131.0
2018-06-25T10:55:40.8810000;970;1131.5
2018-06-25T10:55:40.8830000;972;1129.8
2018-06-25T10:55:40.8850000;974;1130.6
2018-06-25T10:55:40.8870000;976;1133.2
2018-06-25T10:55:40.8890000;978;1135.8
2018-06-25T10:55:40.8910000;980;1138.4
2018-06-25T10:55:40.8930000;982;1138.4
2018-06-25T10:55:40.8950000;984;1137.1
2018-06-25T10:55:40.8970000;986;1137.1
2018-06-25T10:55:40.8990000;988;1135.4
2018-06-25T10:55:40.9010000;990;1134.5
2018-06-25T10:55:40.9030000;992;1136.7
2018-06-25T10:55:40.9050000;994;1134.9
2018-06-25T10:55:40.9070000;996;1134.1
2018-06-25T10:55:40.9090000;998;1134.5
2018-06-25T10:55:40.9110000;1000;1136.7
2018-06-25T10:55:40.9130000;1002;1134.5
2018-06-25T10:55:40.9150000;1004;1133.2
2018-06-25T10:55:40.9170000;1006;1128.9
2018-06-25T10:55:40.9190000;1008;1126.3
2018-06-25T10:55:40.9210000;1010;1127.2
2018-06-25T10:55:40.9230000;1012;1126.3
2018-06-25T10:55:40.9250000;1014;1126.3
2018-06-25T10:55:40.9270000;1016;1125.4
2018-06-25T10:55:40.9290000;1018;1124.1
2018-06-25T10:55:40.9310000;1020;1122.0
2018-06-25T10:55:40.9330000;1022;1126.3
2018-06-25T10:55:40.9350000;1024;1128.0
2018-06-25T10:55:40.9370000;1026;1131.5
2018-06-25T10:55:40.9390000;1028;1132.3
2018-06-25T10:55:40.9410000;1030;1131.9
2018-06-25T10:55:40.9430000;1032;1131.0
2018-06-25T10:55:40.9450000;1034;1128.0
2018-06-25T10:55:40.9470000;1036;1125.0
2018-06-25T10:55:40.9490000;1038;1123.3
2018-06-25T10:55:40.9510000;1040;1122.0
2018-06-25T10:55:40.9530000;1042;1121.1
2018-06-25T10:55:40.9550000;1044;1120.3
2018-06-25T10:55:40.9570000;1046;1119.8
2018-06-25T10:55:40.9590000;1048;1120.3
2018-06-25T10:55:40.9610000;1050;1120.3
2018-06-25T10:55:40.9630000;1052;1117.7
2018-06-25T10:55:40.9650000;1054;1117.7
2018-06-25T10:55:40.9670000;1056;1117.7
2018-06-25T10:55:40.9690000;1058;1118.1
2018-06-25T10:55:40.9710000;1060;1121.1
2018-06-25T10:55:40.9730000;1062;1120.3
2018-06-25T10:55:40.9750000;1064;1119.0
2018-06-25T10:55:40.9770000;1066;1118.5
2018-06-25T10:55:40.9790000;1068;1118.1
2018-06-25T10:55:40.9810000;1070;1118.1
2018-06-25T10:55:40.9830000;1072;1121.1
2018-06-25T10:55:40.9850000;1074;1123.3
2018-06-25T10:55:40.9870000;1076;1126.3
2018-06-25T10:55:40.9890000;1078;1126.3
2018-06-25T10:55:40.9910000;1080;1126.3
2018-06-25T10:55:40.9930000;1082;1125.0
2018-06-25T10:55:40.9950000;1084;1125.4
2018-06-25T10:55:40.9970000;1086;1126.3
2018-06-25T10:55:40.9990000;1088;1127.2
2018-06-25T10:55:41.0010000;1090;1126.3
2018-06-25T10:55:41.0030000;1092;1126.3
2018-06-25T10:55:41.0050000;1094;1126.3
2018-06-25T10:55:41.0070000;1096;1128.5
2018-06-25T10:55:41.0090000;1098;1128.5
2018-06-25T10:55:41.0110000;1100;1125.0
2018-06-25T10:55:41.0130000;1102;1124.6
2018-06-25T10:55:41.0150000;1104;1128.5
2018-06-25T10:55:41.0170000;1106;1133.6
2018-06-25T10:55:41.0190000;1108;1134.5
2018-06-25T10:55:41.0210000;1110;1137.5
2018-06-25T10:55:41.0230000;1112;1139.7
2018-06-25T10:55:41.0250000;1114;1141.0
2018-06-25T10:55:41.0270000;1116;1142.3
2018-06-25T10:55:41.0290000;1118;1144.4
2018-06-25T10:55:41.0310000;1120;1147.0
2018-06-25T10:55:41.0330000;1122;1150.9
2018-06-25T10:55:41.0350000;1124;1150.0
2018-06-25T10:55:41.0370000;1126;1148.7
2018-06-25T10:55:41.0390000;1128;1149.6
2018-06-25T10:55:41.0410000;1130;1149.6
2018-06-25T10:55:41.0430000;1132;1149.6
2018-06-25T10:55:41.0450000;1134;1150.5
2018-06-25T10:55:41.0470000;1136;1148.3
2018-06-25T10:55:41.0490000;1138;1148.7
2018-06-25T10:55:41.0510000;1140;1152.2
2018-06-25T10:55:41.0530000;1142;1153.5
2018-06-25T10:55:41.0550000;1144;1154.8
2018-06-25T10:55:41.0570000;1146;1157.8
2018-06-25T10:55:41.0590000;1148;1157.4
2018-06-25T10:55:41.0610000;1150;1157.8
2018-06-25T10:55:41.0630000;1152;1157.8
2018-06-25T10:55:41.0650000;1154;1156.9
2018-06-25T10:55:41.0670000;1156;1157.8
2018-06-25T10:55:41.0690000;1158;1158.7
2018-06-25T10:55:41.0710000;1160;1157.4
2018-06-25T10:55:41.0730000;1162;1158.2
2018-06-25T10:55:41.0750000;1164;1155.6
2018-06-25T10:55:41.0770000;1166;1153.5
2018-06-25T10:55:41.0790000;1168;1151.8
2018-06-25T10:55:41.0810000;1170;1150.5
2018-06-25T10:55:41.0830000;1172;1148.7
2018-06-25T10:55:41.0850000;1174;1148.7
2018-06-25T10:55:41.0870000;1176;1147.9
2018-06-25T10:55:41.0890000;1178;1146.6
2018-06-25T10:55:41.0910000;1180;1145.7
2018-06-25T10:55:41.0930000;1182;1145.7
2018-06-25T10:55:41.0950000;1184;1145.7
2018-06-25T10:55:41.0970000;1186;1145.7
2018-06-25T10:55:41.0990000;1188;1148.7
2018-06-25T10:55:41.1010000;1190;1150.9
2018-06-25T10:55:41.1030000;1192;1150.0
2018-06-25T10:55:41.1050000;1194;1148.7
2018-06-25T10:55:41.1070000;1196;1147.0
2018-06-25T10:55:41.1090000;1198;1147.0
2018-06-25T10:55:41.1110000;1200;1147.0
2018-06-25T10:55:41.1130000;1202;1144.4
2018-06-25T10:55:41.1150000;1204;1143.6
2018-06-25T10:55:41.1170000;1206;1144.9
2018-06-25T10:55:41.1190000;1208;1143.6
2018-06-25T10:55:41.1210000;1210;1143.6
2018-06-25T10:55:41.1230000;1212;1144.9
2018-06-25T10:55:41.1250000;1214;1147.4
2018-06-25T10:55:41.1270000;1216;1147.0
2018-06-25T10:55:41.1290000;1218;1148.3
2018-06-25T10:55:41.1310000;1220;1149.6
2018-06-25T10:55:41.1330000;1222;1147.9
2018-06-25T10:55:41.1350000;1224;1148.7
2018-06-25T10:55:41.1370000;1226;1149.6
2018-06-25T10:55:41.1390000;1228;1148.7
2018-06-25T10:55:41.1410000;1230;1147.9
2018-06-25T10:55:41.1430000;1232;1149.6
2018-06-25T10:55:41.1450000;1234;1148.3
2018-06-25T10:55:41.1470000;1236;1151.3
2018-06-25T10:55:41.1490000;1238;1151.8
2018-06-25T10:55:41.1510000;1240;1149.6
2018-06-25T10:55:41.1530000;1242;1147.4
2018-06-25T10:55:41.1550000;1244;1144.0
2018-06-25T10:55:41.1570000;1246;1143.6
2018-06-25T10:55:41.1590000;1248;1143.6
2018-06-25T10:55:41.1610000;1250;1141.4
2018-06-25T10:55:41.1630000;1252;1140.1
2018-06-25T10:55:41.1650000;1254;1137.9
2018-06-25T10:55:41.1670000;1256;1137.9
2018-06-25T10:55:41.1690000;1258;1135.4
2018-06-25T10:55:41.1710000;1260;1136.7
2018-06-25T10:55:41.1730000;1262;1136.7
2018-06-25T10:55:41.1750000;1264;1137.9
2018-06-25T10:55:41.1770000;1266;1136.7
2018-06-25T10:55:41.1790000;1268;1134.9
2018-06-25T10:55:41.1810000;1270;1134.5
2018-06-25T10:55:41.1830000;1272;1134.1
2018-06-25T10:55:41.1850000;1274;1134.9
2018-06-25T10:55:41.1870000;1276;1132.3
2018-06-25T10:55:41.1890000;1278;1132.3
2018-06-25T10:55:41.1910000;1280;1131.0
2018-06-25T10:55:41.1930000;1282;1134.1
2018-06-25T10:55:41.1950000;1284;1134.1
2018-06-25T10:55:41.1970000;1286;1132.3
2018-06-25T10:55:41.1990000;1288;1128.9
2018-06-25T10:55:41.2010000;1290;1127.2
2018-06-25T10:55:41.2030000;1292;1124.1
2018-06-25T10:55:41.2050000;1294;1121.6
2018-06-25T10:55:41.2070000;1296;1120.7
2018-06-25T10:55:41.2090000;1298;1120.3
2018-06-25T10:55:41.2110000;1300;1120.3
2018-06-25T10:55:41.2130000;1302;1119.0
2018-06-25T10:55:41.2150000;1304;1118.5
2018-06-25T10:55:41.2170000;1306;1117.2
2018-06-25T10:55:41.2190000;1308;1120.3
2018-06-25T10:55:41.2210000;1310;1120.7
2018-06-25T10:55:41.2230000;1312;1121.1
2018-06-25T10:55:41.2250000;1314;1120.3
2018-06-25T10:55:41.2270000;1316;1120.3
2018-06-25T10:55:41.2290000;1318;1119.8
2018-06-25T10:55:41.2310000;1320;1119.0
2018-06-25T10:55:41.2330000;1322;1117.7
2018-06-25T10:55:41.2350000;1324;1115.1
2018-06-25T10:55:41.2370000;1326;1118.1
2018-06-25T10:55:41.2390000;1328;1119.8
2018-06-25T10:55:41.2410000;1330;1121.6
2018-06-25T10:55:41.2430000;1332;1121.1
2018-06-25T10:55:41.2450000;1334;1121.1
2018-06-25T10:55:41.2470000;1336;1120.7
2018-06-25T10:55:41.2490000;1338;1121.6
2018-06-25T10:55:41.2510000;1340;1121.6
2018-06-25T10:55:41.2530000;1342;1123.7
2018-06-25T10:55:41.2550000;1344;1126.3
2018-06-25T10:55:41.2570000;1346;1125.4
2018-06-25T10:55:41.2590000;1348;1125.4
2018-06-25T10:55:41.2610000;1350;1126.7
2018-06-25T10:55:41.2630000;1352;1130.2
2018-06-25T10:55:41.2650000;1354;1128.5
2018-06-25T10:55:41.2670000;1356;1130.6
2018-06-25T10:55:41.2690000;1358;1128.5
2018-06-25T10:55:41.2710000;1360;1130.2
2018-06-25T10:55:41.2730000;1362;1129.8
2018-06-25T10:55:41.2750000;1364;1128.9
2018-06-25T10:55:41.2770000;1366;1129.8
2018-06-25T10:55:41.2790000;1368;1130.2
2018-06-25T10:55:41.2810000;1370;1128.5
2018-06-25T10:55:41.2830000;1372;1126.7
2018-06-25T10:55:41.2850000;1374;1128.0
2018-06-25T10:55:41.2870000;1376;1126.7
2018-06-25T10:55:41.2890000;1378;1125.4
2018-06-25T10:55:41.2910000;1380;1122.0
2018-06-25T10:55:41.2930000;1382;1118.5
2018-06-25T10:55:41.2950000;1384;1118.1
2018-06-25T10:55:41.2970000;1386;1117.7
2018-06-25T10:55:41.2990000;1388;1116.4
2018-06-25T10:55:41.3010000;1390;1117.2
2018-06-25T10:55:41.3030000;1392;1117.2
2018-06-25T10:55:41.3050000;1394;1121.6
2018-06-25T10:55:41.3070000;1396;1123.7
2018-06-25T10:55:41.3090000;1398;1126.3
2018-06-25T10:55:41.3110000;1400;1128.5
2018-06-25T10:55:41.3130000;1402;1130.6
2018-06-25T10:55:41.3150000;1404;1131.0
2018-06-25T10:55:41.3170000;1406;1130.2
2018-06-25T10:55:41.3190000;1408;1130.2
2018-06-25T10:55:41.3210000;1410;1129.8
2018-06-25T10:55:41.3230000;1412;1130.2
2018-06-25T10:55:41.3250000;1414;1126.3
2018-06-25T10:55:41.3270000;1416;1127.6
2018-06-25T10:55:41.3290000;1418;1127.2
2018-06-25T10:55:41.3310000;1420;1128.5
2018-06-25T10:55:41.3330000;1422;1128.5
2018-06-25T10:55:41.3350000;1424;1129.8
2018-06-25T10:55:41.3370000;1426;1126.7
2018-06-25T10:55:41.3390000;1428;1126.3
2018-06-25T10:55:41.3410000;1430;1124.6
2018-06-25T10:55:41.3430000;1432;1124.1
2018-06-25T10:55:41.3450000;1434;1124.1
2018-06-25T10:55:41.3470000;1436;1122.0
2018-06-25T10:55:41.3490000;1438;1123.7
2018-06-25T10:55:41.3510000;1440;1121.6
2018-06-25T10:55:41.3530000;1442;1123.3
2018-06-25T10:55:41.3550000;1444;1123.3
2018-06-25T10:55:41.3570000;1446;1126.3
2018-06-25T10:55:41.3590000;1448;1125.0
2018-06-25T10:55:41.3610000;1450;1126.3
2018-06-25T10:55:41.3630000;1452;1125.4
2018-06-25T10:55:41.3650000;1454;1125.4
2018-06-25T10:55:41.3670000;1456;1125.0
2018-06-25T10:55:41.3690000;1458;1124.6
2018-06-25T10:55:41.3710000;1460;1125.4
2018-06-25T10:55:41.3730000;1462;1126.3
2018-06-25T10:55:41.3750000;1464;1125.4
2018-06-25T10:55:41.3770000;1466;1124.1
2018-06-25T10:55:41.3790000;1468;1125.4
2018-06-25T10:55:41.3810000;1470;1118.1
2018-06-25T10:55:41.3830000;1472;1117.7
2018-06-25T10:55:41.3850000;1474;1116.4
2018-06-25T10:55:41.3870000;1476;1116.8
2018-06-25T10:55:41.3890000;1478;1115.5
2018-06-25T10:55:41.3910000;1480;1115.1
2018-06-25T10:55:41.3930000;1482;1111.6
2018-06-25T10:55:41.3950000;1484;1110.3
2018-06-25T10:55:41.3970000;1486;1109.9
2018-06-25T10:55:41.3990000;1488;1111.6
2018-06-25T10:55:41.4010000;1490;1115.5
2018-06-25T10:55:41.4030000;1492;1115.5
2018-06-25T10:55:41.4050000;1494;1116.4
2018-06-25T10:55:41.4070000;1496;1112.1
2018-06-25T10:55:41.4090000;1498;1110.8
2018-06-25T10:55:41.4110000;1500;1108.6
2018-06-25T10:55:41.4130000;1502;1109.0
2018-06-25T10:55:41.4150000;1504;1108.2
2018-06-25T10:55:41.4170000;1506;1109.0
2018-06-25T10:55:41.4190000;1508;1108.6
2018-06-25T10:55:41.4210000;1510;1106.9
2018-06-25T10:55:41.4230000;1512;1105.2
2018-06-25T10:55:41.4250000;1514;1106.9
2018-06-25T10:55:41.4270000;1516;1110.8
2018-06-25T10:55:41.4290000;1518;1108.2
2018-06-25T10:55:41.4310000;1520;1105.2
2018-06-25T10:55:41.4330000;1522;1103.4
2018-06-25T10:55:41.4350000;1524;1103.9
2018-06-25T10:55:41.4370000;1526;1103.9
2018-06-25T10:55:41.4390000;1528;1102.6
2018-06-25T10:55:41.4410000;1530;1102.1
2018-06-25T10:55:41.4430000;1532;1103.9
2018-06-25T10:55:41.4450000;1534;1103.4
2018-06-25T10:55:41.4470000;1536;1102.1
2018-06-25T10:55:41.4490000;1538;1105.6
2018-06-25T10:55:41.4510000;1540;1110.3
2018-06-25T10:55:41.4530000;1542;1112.1
2018-06-25T10:55:41.4550000;1544;1110.8
2018-06-25T10:55:41.4570000;1546;1112.1
2018-06-25T10:55:41.4590000;1548;1114.2
2018-06-25T10:55:41.4610000;1550;1118.1
2018-06-25T10:55:41.4630000;1552;1119.0
2018-06-25T10:55:41.4650000;1554;1120.7
2018-06-25T10:55:41.4670000;1556;1122.4
2018-06-25T10:55:41.4690000;1558;1123.7
2018-06-25T10:55:41.4710000;1560;1126.3
2018-06-25T10:55:41.4730000;1562;1125.0
2018-06-25T10:55:41.4750000;1564;1127.6
2018-06-25T10:55:41.4770000;1566;1130.6
2018-06-25T10:55:41.4790000;1568;1131.0
2018-06-25T10:55:41.4810000;1570;1130.6
2018-06-25T10:55:41.4830000;1572;1131.0
2018-06-25T10:55:41.4850000;1574;1133.6
2018-06-25T10:55:41.4870000;1576;1136.7
2018-06-25T10:55:41.4890000;1578;1137.5
2018-06-25T10:55:41.4910000;1580;1137.1
2018-06-25T10:55:41.4930000;1582;1141.0
2018-06-25T10:55:41.4950000;1584;1143.1
2018-06-25T10:55:41.4970000;1586;1141.8
2018-06-25T10:55:41.4990000;1588;1141.8
2018-06-25T10:55:41.5010000;1590;1144.9
2018-06-25T10:55:41.5030000;1592;1146.6
2018-06-25T10:55:41.5050000;1594;1147.4
2018-06-25T10:55:41.5070000;1596;1147.4
2018-06-25T10:55:41.5090000;1598;1147.9
2018-06-25T10:55:41.5110000;1600;1150.5
2018-06-25T10:55:41.5130000;1602;1151.8
2018-06-25T10:55:41.5150000;1604;1154.3
2018-06-25T10:55:41.5170000;1606;1157.8
2018-06-25T10:55:41.5190000;1608;1159.5
2018-06-25T10:55:41.5210000;1610;1156.5
2018-06-25T10:55:41.5230000;1612;1155.6
2018-06-25T10:55:41.5250000;1614;1154.8
2018-06-25T10:55:41.5270000;1616;1153.9
2018-06-25T10:55:41.5290000;1618;1153.1
2018-06-25T10:55:41.5310000;1620;1153.1
2018-06-25T10:55:41.5330000;1622;1153.5
2018-06-25T10:55:41.5350000;1624;1153.5
2018-06-25T10:55:41.5370000;1626;1151.3
2018-06-25T10:55:41.5390000;1628;1151.3
2018-06-25T10:55:41.5410000;1630;1155.6
2018-06-25T10:55:41.5430000;1632;1155.2
2018-06-25T10:55:41.5450000;1634;1155.2
2018-06-25T10:55:41.5470000;1636;1155.2
2018-06-25T10:55:41.5490000;1638;1155.6
2018-06-25T10:55:41.5510000;1640;1154.3
2018-06-25T10:55:41.5530000;1642;1151.8
2018-06-25T10:55:41.5550000;1644;1150.9
2018-06-25T10:55:41.5570000;1646;1150.0
2018-06-25T10:55:41.5590000;1648;1150.9
2018-06-25T10:55:41.5610000;1650;1148.7
2018-06-25T10:55:41.5630000;1652;1150.9
2018-06-25T10:55:41.5650000;1654;1151.3
2018-06-25T10:55:41.5670000;1656;1147.4
2018-06-25T10:55:41.5690000;1658;1145.3
2018-06-25T10:55:41.5710000;1660;1145.7
2018-06-25T10:55:41.5730000;1662;1144.4
2018-06-25T10:55:41.5750000;1664;1145.3
2018-06-25T10:55:41.5770000;1666;1144.4
2018-06-25T10:55:41.5790000;1668;1143.1
2018-06-25T10:55:41.5810000;1670;1141.0
2018-06-25T10:55:41.5830000;1672;1139.7
2018-06-25T10:55:41.5850000;1674;1137.9
2018-06-25T10:55:41.5870000;1676;1141.0
2018-06-25T10:55:41.5890000;1678;1141.0
2018-06-25T10:55:41.5910000;1680;1140.5
2018-06-25T10:55:41.5930000;1682;1141.4
2018-06-25T10:55:41.5950000;1684;1140.5
2018-06-25T10:55:41.5970000;1686;1139.7
2018-06-25T10:55:41.5990000;1688;1140.1
2018-06-25T10:55:41.6010000;1690;1140.5
2018-06-25T10:55:41.6030000;1692;1138.8
2018-06-25T10:55:41.6050000;1694;1139.7
2018-06-25T10:55:41.6070000;1696;1138.4
2018-06-25T10:55:41.6090000;1698;1139.7
2018-06-25T10:55:41.6110000;1700;1141.0
2018-06-25T10:55:41.6130000;1702;1140.1
2018-06-25T10:55:41.6150000;1704;1134.1
2018-06-25T10:55:41.6170000;1706;1131.9
2018-06-25T10:55:41.6190000;1708;1130.6
2018-06-25T10:55:41.6210000;1710;1130.2
2018-06-25T10:55:41.6230000;1712;1129.8
2018-06-25T10:55:41.6250000;1714;1128.9
2018-06-25T10:55:41.6270000;1716;1126.7
2018-06-25T10:55:41.6290000;1718;1125.4
2018-06-25T10:55:41.6310000;1720;1123.7
2018-06-25T10:55:41.6330000;1722;1123.7
2018-06-25T10:55:41.6350000;1724;1127.6
2018-06-25T10:55:41.6370000;1726;1128.0
2018-06-25T10:55:41.6390000;1728;1126.7
2018-06-25T10:55:41.6410000;1730;1126.3
2018-06-25T10:55:41.6430000;1732;1127.2
2018-06-25T10:55:41.6450000;1734;1125.4
2018-06-25T10:55:41.6470000;1736;1127.2
2018-06-25T10:55:41.6490000;1738;1127.2
2018-06-25T10:55:41.6510000;1740;1124.6
2018-06-25T10:55:41.6530000;1742;1123.3
2018-06-25T10:55:41.6550000;1744;1120.7
2018-06-25T10:55:41.6570000;1746;1115.1
2018-06-25T10:55:41.6590000;1748;1111.2
2018-06-25T10:55:41.6610000;1750;1110.8
2018-06-25T10:55:41.6630000;1752;1108.6
2018-06-25T10:55:41.6650000;1754;1108.2
2018-06-25T10:55:41.6670000;1756;1106.9
2018-06-25T10:55:41.6690000;1758;1105.2
2018-06-25T10:55:41.6710000;1760;1107.3
2018-06-25T10:55:41.6730000;1762;1107.3
2018-06-25T10:55:41.6750000;1764;1108.6
2018-06-25T10:55:41.6770000;1766;1112.1
2018-06-25T10:55:41.6790000;1768;1115.1
2018-06-25T10:55:41.6810000;1770;1115.5
2018-06-25T10:55:41.6830000;1772;1114.2
2018-06-25T10:55:41.6850000;1774;1115.5
2018-06-25T10:55:41.6870000;1776;1115.1
2018-06-25T10:55:41.6890000;1778;1115.1
2018-06-25T10:55:41.6910000;1780;1115.1
2018-06-25T10:55:41.6930000;1782;1115.5
2018-06-25T10:55:41.6950000;1784;1115.5
2018-06-25T10:55:41.6970000;1786;1116.8
2018-06-25T10:55:41.6990000;1788;1120.7
2018-06-25T10:55:41.7010000;1790;1118.1
2018-06-25T10:55:41.7030000;1792;1118.1
2018-06-25T10:55:41.7050000;1794;1115.5
2018-06-25T10:55:41.7070000;1796;1118.5
2018-06-25T10:55:41.7090000;1798;1119.0
2018-06-25T10:55:41.7110000;1800;1119.8
2018-06-25T10:55:41.7130000;1802;1119.0
2018-06-25T10:55:41.7150000;1804;1120.7
2018-06-25T10:55:41.7170000;1806;1122.4
2018-06-25T10:55:41.7190000;1808;1120.3
2018-06-25T10:55:41.7210000;1810;1124.1
2018-06-25T10:55:41.7230000;1812;1123.7
2018-06-25T10:55:41.7250000;1814;1125.4
2018-06-25T10:55:41.7270000;1816;1124.1
2018-06-25T10:55:41.7290000;1818;1124.1
2018-06-25T10:55:41.7310000;1820;1123.7
2018-06-25T10:55:41.7330000;1822;1123.7
2018-06-25T10:55:41.7350000;1824;1120.3
2018-06-25T10:55:41.7370000;1826;1122.0
2018-06-25T10:55:41.7390000;1828;1122.0
2018-06-25T10:55:41.7410000;1830;1122.0
2018-06-25T10:55:41.7430000;1832;1124.1
2018-06-25T10:55:41.7450000;1834;1124.6
2018-06-25T10:55:41.7470000;1836;1125.4
2018-06-25T10:55:41.7490000;1838;1119.0
2018-06-25T10:55:41.7510000;1840;1119.0
2018-06-25T10:55:41.7530000;1842;1118.5
2018-06-25T10:55:41.7550000;1844;1123.3
2018-06-25T10:55:41.7570000;1846;1121.1
2018-06-25T10:55:41.7590000;1848;1121.1
2018-06-25T10:55:41.7610000;1850;1120.3
2018-06-25T10:55:41.7630000;1852;1121.1
2018-06-25T10:55:41.7650000;1854;1121.1
2018-06-25T10:55:41.7670000;1856;1123.3
2018-06-25T10:55:41.7690000;1858;1130.6
2018-06-25T10:55:41.7710000;1860;1130.2
2018-06-25T10:55:41.7730000;1862;1133.6
2018-06-25T10:55:41.7750000;1864;1131.9
2018-06-25T10:55:41.7770000;1866;1133.6
2018-06-25T10:55:41.7790000;1868;1134.5
2018-06-25T10:55:41.7810000;1870;1135.8
2018-06-25T10:55:41.7830000;1872;1135.8
2018-06-25T10:55:41.7850000;1874;1136.7
2018-06-25T10:55:41.7870000;1876;1137.5
2018-06-25T10:55:41.7890000;1878;1137.5
2018-06-25T10:55:41.7910000;1880;1143.1
2018-06-25T10:55:41.7930000;1882;1141.4
2018-06-25T10:55:41.7950000;1884;1141.8
2018-06-25T10:55:41.7970000;1886;1137.1
2018-06-25T10:55:41.7990000;1888;1137.5
2018-06-25T10:55:41.8010000;1890;1138.8
2018-06-25T10:55:41.8030000;1892;1139.7
2018-06-25T10:55:41.8050000;1894;1138.8
2018-06-25T10:55:41.8070000;1896;1137.9
2018-06-25T10:55:41.8090000;1898;1135.4
2018-06-25T10:55:41.8110000;1900;1131.9
2018-06-25T10:55:41.8130000;1902;1132.3
2018-06-25T10:55:41.8150000;1904;1131.5
2018-06-25T10:55:41.8170000;1906;1135.4
2018-06-25T10:55:41.8190000;1908;1133.6
2018-06-25T10:55:41.8210000;1910;1133.2
2018-06-25T10:55:41.8230000;1912;1134.1
2018-06-25T10:55:41.8250000;1914;1134.5
2018-06-25T10:55:41.8270000;1916;1134.9
2018-06-25T10:55:41.8290000;1918;1137.5
2018-06-25T10:55:41.8310000;1920;1137.5
2018-06-25T10:55:41.8330000;1922;1138.8
2018-06-25T10:55:41.8350000;1924;1139.7
2018-06-25T10:55:41.8370000;1926;1139.7
2018-06-25T10:55:41.8390000;1928;1137.1
2018-06-25T10:55:41.8410000;1930;1133.6
2018-06-25T10:55:41.8430000;1932;1131.9
2018-06-25T10:55:41.8450000;1934;1130.6
2018-06-25T10:55:41.8470000;1936;1129.8
2018-06-25T10:55:41.8490000;1938;1127.2
2018-06-25T10:55:41.8510000;1940;1127.6
2018-06-25T10:55:41.8530000;1942;1127.6
2018-06-25T10:55:41.8550000;1944;1128.0
2018-06-25T10:55:41.8570000;1946;1130.2
2018-06-25T10:55:41.8590000;1948;1131.5
2018-06-25T10:55:41.8610000;1950;1134.1
2018-06-25T10:55:41.8630000;1952;1131.9
2018-06-25T10:55:41.8650000;1954;1130.2
2018-06-25T10:55:41.8670000;1956;1131.0
2018-06-25T10:55:41.8690000;1958;1130.2
2018-06-25T10:55:41.8710000;1960;1129.8
2018-06-25T10:55:41.8730000;1962;1127.6
2018-06-25T10:55:41.8750000;1964;1125.4
2018-06-25T10:55:41.8770000;1966;1123.3
2018-06-25T10:55:41.8790000;1968;1121.1
2018-06-25T10:55:41.8810000;1970;1118.5
2018-06-25T10:55:41.8830000;1972;1120.3
2018-06-25T10:55:41.8850000;1974;1119.8
2018-06-25T10:55:41.8870000;1976;1117.7
2018-06-25T10:55:41.8890000;1978;1117.7
2018-06-25T10:55:41.8910000;1980;1116.8
2018-06-25T10:55:41.8930000;1982;1118.1
2018-06-25T10:55:41.8950000;1984;1119.0
2018-06-25T10:55:41.8970000;1986;1119.8
2018-06-25T10:55:41.8990000;1988;1121.1
2018-06-25T10:55:41.9010000;1990;1124.6
2018-06-25T10:55:41.9030000;1992;1121.6
2018-06-25T10:55:41.9050000;1994;1123.7
2018-06-25T10:55:41.9070000;1996;1126.3
2018-06-25T10:55:41.9090000;1998;1126.7
2018-06-25T10:55:41.9110000;2000;1127.6
2018-06-25T10:55:41.9130000;2002;1125.0
2018-06-25T10:55:41.9150000;2004;1125.4
2018-06-25T10:55:41.9170000;2006;1126.3
2018-06-25T10:55:41.9190000;2008;1126.3
2018-06-25T10:55:41.9210000;2010;1125.0
2018-06-25T10:55:41.9230000;2012;1130.6
2018-06-25T10:55:41.9250000;2014;1128.5
2018-06-25T10:55:41.9270000;2016;1125.0
2018-06-25T10:55:41.9290000;2018;1123.7
2018-06-25T10:55:41.9310000;2020;1124.6
2018-06-25T10:55:41.9330000;2022;1125.4
2018-06-25T10:55:41.9350000;2024;1124.6
2018-06-25T10:55:41.9370000;2026;1124.6
2018-06-25T10:55:41.9390000;2028;1125.0
2018-06-25T10:55:41.9410000;2030;1127.2
2018-06-25T10:55:41.9430000;2032;1124.6
2018-06-25T10:55:41.9450000;2034;1128.5
2018-06-25T10:55:41.9470000;2036;1131.5
2018-06-25T10:55:41.9490000;2038;1131.5
2018-06-25T10:55:41.9510000;2040;1132.3
2018-06-25T10:55:41.9530000;2042;1134.1
2018-06-25T10:55:41.9550000;2044;1136.7
2018-06-25T10:55:41.9570000;2046;1136.7
2018-06-25T10:55:41.9590000;2048;1137.9
2018-06-25T10:55:41.9610000;2050;1138.4
2018-06-25T10:55:41.9630000;2052;1139.7
2018-06-25T10:55:41.9650000;2054;1138.8
2018-06-25T10:55:41.9670000;2056;1140.5
2018-06-25T10:55:41.9690000;2058;1144.4
2018-06-25T10:55:41.9710000;2060;1141.0
2018-06-25T10:55:41.9730000;2062;1138.4
2018-06-25T10:55:41.9750000;2064;1137.1
2018-06-25T10:55:41.9770000;2066;1135.8
2018-06-25T10:55:41.9790000;2068;1137.1
2018-06-25T10:55:41.9810000;2070;1138.4
2018-06-25T10:55:41.9830000;2072;1138.8
2018-06-25T10:55:41.9850000;2074;1137.5
2018-06-25T10:55:41.9870000;2076;1138.4
2018-06-25T10:55:41.9890000;2078;1137.9
2018-06-25T10:55:41.9910000;2080;1142.3
2018-06-25T10:55:41.9930000;2082;1144.9
2018-06-25T10:55:41.9950000;2084;1147.0
2018-06-25T10:55:41.9970000;2086;1147.9
2018-06-25T10:55:41.9990000;2088;1148.7
2018-06-25T10:55:42.0010000;2090;1148.7
2018-06-25T10:55:42.0030000;2092;1147.4
2018-06-25T10:55:42.0050000;2094;1148.3
2018-06-25T10:55:42.0070000;2096;1148.3
2018-06-25T10:55:42.0090000;2098;1147.9
2018-06-25T10:55:42.0110000;2100;1147.4
2018-06-25T10:55:42.0130000;2102;1148.7
2018-06-25T10:55:42.0150000;2104;1148.3
2018-06-25T10:55:42.0170000;2106;1149.6
2018-06-25T10:55:42.0190000;2108;1144.9
2018-06-25T10:55:42.0210000;2110;1142.3
2018-06-25T10:55:42.0230000;2112;1137.9
2018-06-25T10:55:42.0250000;2114;1135.8
2018-06-25T10:55:42.0270000;2116;1134.9
2018-06-25T10:55:42.0290000;2118;1134.9
2018-06-25T10:55:42.0310000;2120;1134.1
2018-06-25T10:55:42.0330000;2122;1131.9
2018-06-25T10:55:42.0350000;2124;1134.1
2018-06-25T10:55:42.0370000;2126;1134.5
2018-06-25T10:55:42.0390000;2128;1135.8
2018-06-25T10:55:42.0410000;2130;1137.9
2018-06-25T10:55:42.0430000;2132;1141.8
2018-06-25T10:55:42.0450000;2134;1143.6
2018-06-25T10:55:42.0470000;2136;1143.1
2018-06-25T10:55:42.0490000;2138;1142.3
2018-06-25T10:55:42.0510000;2140;1142.3
2018-06-25T10:55:42.0530000;2142;1143.6
2018-06-25T10:55:42.0550000;2144;1142.3
2018-06-25T10:55:42.0570000;2146;1141.4
2018-06-25T10:55:42.0590000;2148;1144.9
2018-06-25T10:55:42.0610000;2150;1143.1
2018-06-25T10:55:42.0630000;2152;1142.3
2018-06-25T10:55:42.0650000;2154;1141.4
2018-06-25T10:55:42.0670000;2156;1141.4
2018-06-25T10:55:42.0690000;2158;1141.8
2018-06-25T10:55:42.0710000;2160;1142.3
2018-06-25T10:55:42.0730000;2162;1143.1
2018-06-25T10:55:42.0750000;2164;1142.3
2018-06-25T10:55:42.0770000;2166;1141.8
2018-06-25T10:55:42.0790000;2168;1138.8
2018-06-25T10:55:42.0810000;2170;1140.1
2018-06-25T10:55:42.0830000;2172;1141.4
2018-06-25T10:55:42.0850000;2174;1143.6
2018-06-25T10:55:42.0870000;2176;1143.1
2018-06-25T10:55:42.0890000;2178;1141.4
2018-06-25T10:55:42.0910000;2180;1140.5
2018-06-25T10:55:42.0930000;2182;1140.5
2018-06-25T10:55:42.0950000;2184;1139.7
2018-06-25T10:55:42.0970000;2186;1137.9
2018-06-25T10:55:42.0990000;2188;1137.5
2018-06-25T10:55:42.1010000;2190;1135.8
2018-06-25T10:55:42.1030000;2192;1135.8
2018-06-25T10:55:42.1050000;2194;1136.7
2018-06-25T10:55:42.1070000;2196;1134.9
2018-06-25T10:55:42.1090000;2198;1134.9
2018-06-25T10:55:42.1110000;2200;1133.2
2018-06-25T10:55:42.1130000;2202;1129.8
2018-06-25T10:55:42.1150000;2204;1129.8
2018-06-25T10:55:42.1170000;2206;1128.5
2018-06-25T10:55:42.1190000;2208;1129.8
2018-06-25T10:55:42.1210000;2210;1129.8
2018-06-25T10:55:42.1230000;2212;1128.0
2018-06-25T10:55:42.1250000;2214;1124.1
2018-06-25T10:55:42.1270000;2216;1128.0
2018-06-25T10:55:42.1290000;2218;1128.9
2018-06-25T10:55:42.1310000;2220;1131.5
2018-06-25T10:55:42.1330000;2222;1133.6
2018-06-25T10:55:42.1350000;2224;1132.3
2018-06-25T10:55:42.1370000;2226;1133.2
2018-06-25T10:55:42.1390000;2228;1131.0
2018-06-25T10:55:42.1410000;2230;1130.6
2018-06-25T10:55:42.1430000;2232;1129.8
2018-06-25T10:55:42.1450000;2234;1129.8
2018-06-25T10:55:42.1470000;2236;1125.0
2018-06-25T10:55:42.1490000;2238;1124.1
2018-06-25T10:55:42.1510000;2240;1123.7
2018-06-25T10:55:42.1530000;2242;1121.6
2018-06-25T10:55:42.1550000;2244;1123.3
2018-06-25T10:55:42.1570000;2246;1125.4
2018-06-25T10:55:42.1590000;2248;1126.3
2018-06-25T10:55:42.1610000;2250;1124.1
2018-06-25T10:55:42.1630000;2252;1122.4
2018-06-25T10:55:42.1650000;2254;1123.3
2018-06-25T10:55:42.1670000;2256;1123.3
2018-06-25T10:55:42.1690000;2258;1121.1
2018-06-25T10:55:42.1710000;2260;1118.5
2018-06-25T10:55:42.1730000;2262;1116.8
2018-06-25T10:55:42.1750000;2264;1117.2
2018-06-25T10:55:42.1770000;2266;1113.4
2018-06-25T10:55:42.1790000;2268;1111.6
2018-06-25T10:55:42.1810000;2270;1114.6
2018-06-25T10:55:42.1830000;2272;1114.2
2018-06-25T10:55:42.1850000;2274;1113.4
2018-06-25T10:55:42.1870000;2276;1114.2
2018-06-25T10:55:42.1890000;2278;1114.2
2018-06-25T10:55:42.1910000;2280;1114.2
2018-06-25T10:55:42.1930000;2282;1115.1
2018-06-25T10:55:42.1950000;2284;1111.6
2018-06-25T10:55:42.1970000;2286;1112.1
2018-06-25T10:55:42.1990000;2288;1112.5
2018-06-25T10:55:42.2010000;2290;1113.8
2018-06-25T10:55:42.2030000;2292;1115.1
2018-06-25T10:55:42.2050000;2294;1117.2
2018-06-25T10:55:42.2070000;2296;1115.1
2018-06-25T10:55:42.2090000;2298;1112.5
2018-06-25T10:55:42.2110000;2300;1111.2
2018-06-25T10:55:42.2130000;2302;1112.5
2018-06-25T10:55:42.2150000;2304;1113.8
2018-06-25T10:55:42.2170000;2306;1113.4
2018-06-25T10:55:42.2190000;2308;1113.8
2018-06-25T10:55:42.2210000;2310;1113.8
2018-06-25T10:55:42.2230000;2312;1112.1
2018-06-25T10:55:42.2250000;2314;1113.4
2018-06-25T10:55:42.2270000;2316;1114.6
2018-06-25T10:55:42.2290000;2318;1117.7
2018-06-25T10:55:42.2310000;2320;1120.7
2018-06-25T10:55:42.2330000;2322;1121.1
2018-06-25T10:55:42.2350000;2324;1121.6
2018-06-25T10:55:42.2370000;2326;1123.3
2018-06-25T10:55:42.2390000;2328;1123.3
2018-06-25T10:55:42.2410000;2330;1125.0
2018-06-25T10:55:42.2430000;2332;1126.7
2018-06-25T10:55:42.2450000;2334;1126.3
2018-06-25T10:55:42.2470000;2336;1128.9
2018-06-25T10:55:42.2490000;2338;1131.9
2018-06-25T10:55:42.2510000;2340;1131.5
2018-06-25T10:55:42.2530000;2342;1128.5
2018-06-25T10:55:42.2550000;2344;1129.8
2018-06-25T10:55:42.2570000;2346;1130.6
2018-06-25T10:55:42.2590000;2348;1131.0
2018-06-25T10:55:42.2610000;2350;1131.0
2018-06-25T10:55:42.2630000;2352;1132.3
2018-06-25T10:55:42.2650000;2354;1134.1
2018-06-25T10:55:42.2670000;2356;1133.2
2018-06-25T10:55:42.2690000;2358;1133.2
2018-06-25T10:55:42.2710000;2360;1135.8
2018-06-25T10:55:42.2730000;2362;1140.1
2018-06-25T10:55:42.2750000;2364;1139.7
2018-06-25T10:55:42.2770000;2366;1140.5
2018-06-25T10:55:42.2790000;2368;1141.0
2018-06-25T10:55:42.2810000;2370;1139.7
2018-06-25T10:55:42.2830000;2372;1138.8
2018-06-25T10:55:42.2850000;2374;1136.7
2018-06-25T10:55:42.2870000;2376;1135.4
2018-06-25T10:55:42.2890000;2378;1134.5
2018-06-25T10:55:42.2910000;2380;1134.1
2018-06-25T10:55:42.2930000;2382;1132.3
2018-06-25T10:55:42.2950000;2384;1133.6
2018-06-25T10:55:42.2970000;2386;1128.5
2018-06-25T10:55:42.2990000;2388;1125.4
2018-06-25T10:55:42.3010000;2390;1126.7
2018-06-25T10:55:42.3030000;2392;1125.0
2018-06-25T10:55:42.3050000;2394;1124.6
2018-06-25T10:55:42.3070000;2396;1124.1
2018-06-25T10:55:42.3090000;2398;1123.3
2018-06-25T10:55:42.3110000;2400;1120.7
2018-06-25T10:55:42.3130000;2402;1122.0
2018-06-25T10:55:42.3150000;2404;1121.1
2018-06-25T10:55:42.3170000;2406;1125.0
2018-06-25T10:55:42.3190000;2408;1127.6
2018-06-25T10:55:42.3210000;2410;1125.0
2018-06-25T10:55:42.3230000;2412;1123.7
2018-06-25T10:55:42.3250000;2414;1122.4
2018-06-25T10:55:42.3270000;2416;1123.3
2018-06-25T10:55:42.3290000;2418;1122.0
2018-06-25T10:55:42.3310000;2420;1122.4
2018-06-25T10:55:42.3330000;2422;1119.8
2018-06-25T10:55:42.3350000;2424;1119.8
2018-06-25T10:55:42.3370000;2426;1118.5
2018-06-25T10:55:42.3390000;2428;1115.1
2018-06-25T10:55:42.3410000;2430;1118.1
2018-06-25T10:55:42.3430000;2432;1121.1
2018-06-25T10:55:42.3450000;2434;1123.7
2018-06-25T10:55:42.3470000;2436;1117.7
2018-06-25T10:55:42.3490000;2438;1117.2
2018-06-25T10:55:42.3510000;2440;1116.8
2018-06-25T10:55:42.3530000;2442;1117.7
2018-06-25T10:55:42.3550000;2444;1116.4
2018-06-25T10:55:42.3570000;2446;1116.8
2018-06-25T10:55:42.3590000;2448;1117.7
2018-06-25T10:55:42.3610000;2450;1115.5
2018-06-25T10:55:42.3630000;2452;1114.2
2018-06-25T10:55:42.3650000;2454;1113.4
2018-06-25T10:55:42.3670000;2456;1119.0
2018-06-25T10:55:42.3690000;2458;1119.8
2018-06-25T10:55:42.3710000;2460;1117.2
2018-06-25T10:55:42.3730000;2462;1116.8
2018-06-25T10:55:42.3750000;2464;1117.7
2018-06-25T10:55:42.3770000;2466;1116.8
2018-06-25T10:55:42.3790000;2468;1118.1
2018-06-25T10:55:42.3810000;2470;1118.5
2018-06-25T10:55:42.3830000;2472;1118.5
2018-06-25T10:55:42.3850000;2474;1119.0
2018-06-25T10:55:42.3870000;2476;1121.6
2018-06-25T10:55:42.3890000;2478;1124.1
2018-06-25T10:55:42.3910000;2480;1128.9
2018-06-25T10:55:42.3930000;2482;1129.8
2018-06-25T10:55:42.3950000;2484;1129.8
2018-06-25T10:55:42.3970000;2486;1131.5
2018-06-25T10:55:42.3990000;2488;1132.3
2018-06-25T10:55:42.4010000;2490;1133.6
2018-06-25T10:55:42.4030000;2492;1134.9
2018-06-25T10:55:42.4050000;2494;1135.4
2018-06-25T10:55:42.4070000;2496;1134.1
2018-06-25T10:55:42.4090000;2498;1134.1
2018-06-25T10:55:42.4110000;2500;1132.3
2018-06-25T10:55:42.4130000;2502;1134.9
2018-06-25T10:55:42.4150000;2504;1136.7
2018-06-25T10:55:42.4170000;2506;1137.1
2018-06-25T10:55:42.4190000;2508;1138.4
2018-06-25T10:55:42.4210000;2510;1138.8
2018-06-25T10:55:42.4230000;2512;1140.1
2018-06-25T10:55:42.4250000;2514;1141.8
2018-06-25T10:55:42.4270000;2516;1144.4
2018-06-25T10:55:42.4290000;2518;1145.3
2018-06-25T10:55:42.4310000;2520;1150.0
2018-06-25T10:55:42.4330000;2522;1148.7
2018-06-25T10:55:42.4350000;2524;1150.9
2018-06-25T10:55:42.4370000;2526;1153.5
2018-06-25T10:55:42.4390000;2528;1152.2
2018-06-25T10:55:42.4410000;2530;1150.9
2018-06-25T10:55:42.4430000;2532;1150.9
2018-06-25T10:55:42.4450000;2534;1151.3
2018-06-25T10:55:42.4470000;2536;1151.8
2018-06-25T10:55:42.4490000;2538;1152.2
2018-06-25T10:55:42.4510000;2540;1151.3
2018-06-25T10:55:42.4530000;2542;1153.1
2018-06-25T10:55:42.4550000;2544;1152.2
2018-06-25T10:55:42.4570000;2546;1153.5
2018-06-25T10:55:42.4590000;2548;1153.1
2018-06-25T10:55:42.4610000;2550;1155.2
2018-06-25T10:55:42.4630000;2552;1155.2
2018-06-25T10:55:42.4650000;2554;1155.6
2018-06-25T10:55:42.4670000;2556;1155.2
2018-06-25T10:55:42.4690000;2558;1155.6
2018-06-25T10:55:42.4710000;2560;1154.8
2018-06-25T10:55:42.4730000;2562;1154.3
2018-06-25T10:55:42.4750000;2564;1154.8
2018-06-25T10:55:42.4770000;2566;1152.2
2018-06-25T10:55:42.4790000;2568;1154.3
2018-06-25T10:55:42.4810000;2570;1154.3
2018-06-25T10:55:42.4830000;2572;1156.5
2018-06-25T10:55:42.4850000;2574;1151.3
2018-06-25T10:55:42.4870000;2576;1148.3
2018-06-25T10:55:42.4890000;2578;1145.3
2018-06-25T10:55:42.4910000;2580;1147.0
2018-06-25T10:55:42.4930000;2582;1146.6
2018-06-25T10:55:42.4950000;2584;1144.0
2018-06-25T10:55:42.4970000;2586;1144.4
2018-06-25T10:55:42.4990000;2588;1144.9
2018-06-25T10:55:42.5010000;2590;1144.4
2018-06-25T10:55:42.5030000;2592;1141.4
2018-06-25T10:55:42.5050000;2594;1143.6
2018-06-25T10:55:42.5070000;2596;1144.4
2018-06-25T10:55:42.5090000;2598;1145.3
2018-06-25T10:55:42.5110000;2600;1144.4
2018-06-25T10:55:42.5130000;2602;1144.4
2018-06-25T10:55:42.5150000;2604;1143.6
2018-06-25T10:55:42.5170000;2606;1140.5
2018-06-25T10:55:42.5190000;2608;1137.1
2018-06-25T10:55:42.5210000;2610;1137.5
2018-06-25T10:55:42.5230000;2612;1137.1
2018-06-25T10:55:42.5250000;2614;1138.4
2018-06-25T10:55:42.5270000;2616;1139.7
2018-06-25T10:55:42.5290000;2618;1138.8
2018-06-25T10:55:42.5310000;2620;1139.7
2018-06-25T10:55:42.5330000;2622;1139.7
2018-06-25T10:55:42.5350000;2624;1134.9
2018-06-25T10:55:42.5370000;2626;1135.8
2018-06-25T10:55:42.5390000;2628;1137.9
2018-06-25T10:55:42.5410000;2630;1137.1
2018-06-25T10:55:42.5430000;2632;1137.5
2018-06-25T10:55:42.5450000;2634;1135.8
2018-06-25T10:55:42.5470000;2636;1134.9
2018-06-25T10:55:42.5490000;2638;1135.4
2018-06-25T10:55:42.5510000;2640;1134.1
2018-06-25T10:55:42.5530000;2642;1132.3
2018-06-25T10:55:42.5550000;2644;1137.5
2018-06-25T10:55:42.5570000;2646;1138.8
2018-06-25T10:55:42.5590000;2648;1138.4
2018-06-25T10:55:42.5610000;2650;1137.5
2018-06-25T10:55:42.5630000;2652;1136.7
2018-06-25T10:55:42.5650000;2654;1137.1
2018-06-25T10:55:42.5670000;2656;1136.7
2018-06-25T10:55:42.5690000;2658;1136.7
2018-06-25T10:55:42.5710000;2660;1134.9
2018-06-25T10:55:42.5730000;2662;1137.1
2018-06-25T10:55:42.5750000;2664;1137.5
2018-06-25T10:55:42.5770000;2666;1137.1
2018-06-25T10:55:42.5790000;2668;1134.1
2018-06-25T10:55:42.5810000;2670;1134.9
2018-06-25T10:55:42.5830000;2672;1135.8
2018-06-25T10:55:42.5850000;2674;1134.1
2018-06-25T10:55:42.5870000;2676;1134.5
2018-06-25T10:55:42.5890000;2678;1133.6
2018-06-25T10:55:42.5910000;2680;1134.1
2018-06-25T10:55:42.5930000;2682;1133.2
2018-06-25T10:55:42.5950000;2684;1133.6
2018-06-25T10:55:42.5970000;2686;1131.9
2018-06-25T10:55:42.5990000;2688;1134.1
2018-06-25T10:55:42.6010000;2690;1132.3
2018-06-25T10:55:42.6030000;2692;1131.5
2018-06-25T10:55:42.6050000;2694;1131.9
2018-06-25T10:55:42.6070000;2696;1131.5
2018-06-25T10:55:42.6090000;2698;1130.6
2018-06-25T10:55:42.6110000;2700;1129.8
2018-06-25T10:55:42.6130000;2702;1127.6
2018-06-25T10:55:42.6150000;2704;1124.6
2018-06-25T10:55:42.6170000;2706;1125.4
2018-06-25T10:55:42.6190000;2708;1124.1
2018-06-25T10:55:42.6210000;2710;1123.7
2018-06-25T10:55:42.6230000;2712;1121.6
2018-06-25T10:55:42.6250000;2714;1120.7
2018-06-25T10:55:42.6270000;2716;1117.2
2018-06-25T10:55:42.6290000;2718;1114.6
2018-06-25T10:55:42.6310000;2720;1113.4
2018-06-25T10:55:42.6330000;2722;1111.6
2018-06-25T10:55:42.6350000;2724;1111.6
2018-06-25T10:55:42.6370000;2726;1108.2
2018-06-25T10:55:42.6390000;2728;1108.6
2018-06-25T10:55:42.6410000;2730;1107.3
2018-06-25T10:55:42.6430000;2732;1108.2
2018-06-25T10:55:42.6450000;2734;1106.4
2018-06-25T10:55:42.6470000;2736;1109.0
2018-06-25T10:55:42.6490000;2738;1110.8
2018-06-25T10:55:42.6510000;2740;1110.8
2018-06-25T10:55:42.6530000;2742;1110.3
2018-06-25T10:55:42.6550000;2744;1110.3
2018-06-25T10:55:42.6570000;2746;1110.3
2018-06-25T10:55:42.6590000;2748;1109.0
2018-06-25T10:55:42.6610000;2750;1109.0
2018-06-25T10:55:42.6630000;2752;1109.0
2018-06-25T10:55:42.6650000;2754;1111.2
2018-06-25T10:55:42.6670000;2756;1110.8
2018-06-25T10:55:42.6690000;2758;1111.2
2018-06-25T10:55:42.6710000;2760;1110.3
2018-06-25T10:55:42.6730000;2762;1111.2
2018-06-25T10:55:42.6750000;2764;1110.3
2018-06-25T10:55:42.6770000;2766;1109.0
2018-06-25T10:55:42.6790000;2768;1111.2
2018-06-25T10:55:42.6810000;2770;1112.5
2018-06-25T10:55:42.6830000;2772;1113.4
2018-06-25T10:55:42.6850000;2774;1112.1
2018-06-25T10:55:42.6870000;2776;1114.2
2018-06-25T10:55:42.6890000;2778;1115.1
2018-06-25T10:55:42.6910000;2780;1118.5
2018-06-25T10:55:42.6930000;2782;1121.1
2018-06-25T10:55:42.6950000;2784;1123.7
2018-06-25T10:55:42.6970000;2786;1125.4
2018-06-25T10:55:42.6990000;2788;1127.2
2018-06-25T10:55:42.7010000;2790;1128.0
2018-06-25T10:55:42.7030000;2792;1130.6
2018-06-25T10:55:42.7050000;2794;1134.9
2018-06-25T10:55:42.7070000;2796;1134.1
2018-06-25T10:55:42.7090000;2798;1134.9
2018-06-25T10:55:42.7110000;2800;1134.9
2018-06-25T10:55:42.7130000;2802;1134.5
2018-06-25T10:55:42.7150000;2804;1137.1
2018-06-25T10:55:42.7170000;2806;1138.8
2018-06-25T10:55:42.7190000;2808;1140.5
2018-06-25T10:55:42.7210000;2810;1139.7
2018-06-25T10:55:42.7230000;2812;1135.4
2018-06-25T10:55:42.7250000;2814;1131.5
2018-06-25T10:55:42.7270000;2816;1130.6
2018-06-25T10:55:42.7290000;2818;1128.5
2018-06-25T10:55:42.7310000;2820;1124.1
2018-06-25T10:55:42.7330000;2822;1121.6
2018-06-25T10:55:42.7350000;2824;1112.5
2018-06-25T10:55:42.7370000;2826;1104.3
2018-06-25T10:55:42.7390000;2828;1094.4
2018-06-25T10:55:42.7410000;2830;1082.7
2018-06-25T10:55:42.7430000;2832;1071.5
2018-06-25T10:55:42.7450000;2834;1059.0
2018-06-25T10:55:42.7470000;2836;1046.0
2018-06-25T10:55:42.7490000;2838;1032.7
2018-06-25T10:55:42.7510000;2840;1015.4
2018-06-25T10:55:42.7530000;2842;999.9
2018-06-25T10:55:42.7550000;2844;987.3
2018-06-25T10:55:42.7570000;2846;973.1
2018-06-25T10:55:42.7590000;2848;957.6
2018-06-25T10:55:42.7610000;2850;944.6
2018-06-25T10:55:42.7630000;2852;936.9
2018-06-25T10:55:42.7650000;2854;928.7
2018-06-25T10:55:42.7670000;2856;920.5
2018-06-25T10:55:42.7690000;2858;908.4
2018-06-25T10:55:42.7710000;2860;897.2
2018-06-25T10:55:42.7730000;2862;888.5
2018-06-25T10:55:42.7750000;2864;881.2
2018-06-25T10:55:42.7770000;2866;872.6
2018-06-25T10:55:42.7790000;2868;860.0
2018-06-25T10:55:42.7810000;2870;852.7
2018-06-25T10:55:42.7830000;2872;840.6
2018-06-25T10:55:42.7850000;2874;832.4
